[{"model": "conta.usuario", "pk": 1, "fields": {"password": "pbkdf2_sha256$390000$oXZ6VRHGcEWbJuY9E2gmL0$PBo2snc5eWf/cnr//Pp8REuWYqVMX0/LGlmqn7QYr8c=", "last_login": "2022-11-13T23:57:40.111Z", "is_superuser": true, "username": "matheus", "first_name": "matheus", "last_name": "batista", "email": "matheusarrow28@gmail.com", "is_staff": true, "is_active": true, "date_joined": "2022-11-02T21:52:45Z", "telefone": "48984363207", "perfil_img": "perfil_img/2022/11/03/marvelspidermanseries-emeagrid-m_4456fb99.jpeg", "groups": [], "user_permissions": []}}, {"model": "conta.usuario", "pk": 5, "fields": {"password": "pbkdf2_sha256$390000$DVft6eG8mGRX4N8lbRLyAD$1PiunOKtwOqH0LWqFafvKjRa0F23YQdpKXaNAnqbSbY=", "last_login": "2022-11-14T01:03:22.939Z", "is_superuser": true, "username": "vitor.kuhnen", "first_name": "vitor", "last_name": "kuhnen", "email": "vitorkuhnen14@gmail.com", "is_staff": true, "is_active": true, "date_joined": "2022-11-03T00:09:26Z", "telefone": "(48) 99999-9999", "perfil_img": "perfil_img/2022/11/05/20210612_163120.jpg", "groups": [1], "user_permissions": [5, 6, 7, 8, 13, 14, 15, 16, 9, 10, 11, 12, 1, 2, 3, 4, 17, 18, 19, 20, 29, 30, 31, 32, 33, 34, 35, 36, 25, 26, 27, 28, 21, 22, 23, 24]}}, {"model": "inicio.categoria", "pk": 1, "fields": {"tpCategoria": "Carnes", "categoria_img": "1"}}, {"model": "inicio.categoria", "pk": 2, "fields": {"tpCategoria": "Peixes", "categoria_img": "1"}}, {"model": "inicio.categoria", "pk": 3, "fields": {"tpCategoria": "Limpeza", "categoria_img": "1"}}, {"model": "inicio.categoria", "pk": 4, "fields": {"tpCategoria": "Mercearia", "categoria_img": "1"}}, {"model": "inicio.categoria", "pk": 5, "fields": {"tpCategoria": "Frutas", "categoria_img": "1"}}, {"model": "inicio.categoria", "pk": 6, "fields": {"tpCategoria": "Padaria", "categoria_img": "categoria_img/2022/11/13/61cEwpXcP9L._AC_SX679_-removebg-preview.png"}}, {"model": "inicio.categoria", "pk": 7, "fields": {"tpCategoria": "Bebidas", "categoria_img": "1"}}, {"model": "inicio.categoria", "pk": 8, "fields": {"tpCategoria": "Gelados", "categoria_img": "1"}}, {"model": "inicio.categoria", "pk": 9, "fields": {"tpCategoria": "Bebida Alcoólica", "categoria_img": "1"}}, {"model": "inicio.categoria", "pk": 10, "fields": {"tpCategoria": "Churrasco", "categoria_img": "1"}}, {"model": "inicio.categoria", "pk": 11, "fields": {"tpCategoria": "Doces", "categoria_img": "1"}}, {"model": "inicio.categoria", "pk": 12, "fields": {"tpCategoria": "Higiene", "categoria_img": "1"}}, {"model": "inicio.categoria", "pk": 13, "fields": {"tpCategoria": "Bolacha", "categoria_img": "1"}}, {"model": "inicio.categoria", "pk": 14, "fields": {"tpCategoria": "Cozinha", "categoria_img": "1"}}, {"model": "inicio.marca", "pk": 1, "fields": {"marca": "Copacol"}}, {"model": "inicio.marca", "pk": 2, "fields": {"marca": "Aurora"}}, {"model": "inicio.marca", "pk": 3, "fields": {"marca": "Fiat Lux"}}, {"model": "inicio.marca", "pk": 4, "fields": {"marca": "Rei da Brasa"}}, {"model": "inicio.marca", "pk": 5, "fields": {"marca": "Super Wish"}}, {"model": "inicio.marca", "pk": 6, "fields": {"marca": "Ypê"}}, {"model": "inicio.marca", "pk": 7, "fields": {"marca": "Francis"}}, {"model": "inicio.marca", "pk": 8, "fields": {"marca": "Safra"}}, {"model": "inicio.marca", "pk": 9, "fields": {"marca": "Sorriso"}}, {"model": "inicio.marca", "pk": 10, "fields": {"marca": "Cotton"}}, {"model": "inicio.marca", "pk": 11, "fields": {"marca": "Monster"}}, {"model": "inicio.marca", "pk": 12, "fields": {"marca": "Suq"}}, {"model": "inicio.marca", "pk": 13, "fields": {"marca": "Coca Cola"}}, {"model": "inicio.marca", "pk": 14, "fields": {"marca": "Pilsener"}}, {"model": "inicio.marca", "pk": 15, "fields": {"marca": "Claybom"}}, {"model": "inicio.marca", "pk": 16, "fields": {"marca": "Piraquê"}}, {"model": "inicio.marca", "pk": 17, "fields": {"marca": "Seara"}}, {"model": "inicio.marca", "pk": 18, "fields": {"marca": "Wickbold Wrap"}}, {"model": "inicio.marca", "pk": 19, "fields": {"marca": "Piracanjuba"}}, {"model": "inicio.marca", "pk": 20, "fields": {"marca": "Tirol"}}, {"model": "inicio.marca", "pk": 21, "fields": {"marca": "Ritter"}}, {"model": "inicio.marca", "pk": 22, "fields": {"marca": "Carioca"}}, {"model": "inicio.marca", "pk": 23, "fields": {"marca": "Bis"}}, {"model": "inicio.marca", "pk": 24, "fields": {"marca": "Kellogg's"}}, {"model": "inicio.marca", "pk": 25, "fields": {"marca": "Broto Legal"}}, {"model": "inicio.marca", "pk": 26, "fields": {"marca": "Choco Biscuit"}}, {"model": "inicio.marca", "pk": 27, "fields": {"marca": "Seven Boys"}}, {"model": "inicio.marca", "pk": 28, "fields": {"marca": "3 Corações"}}, {"model": "inicio.produto", "pk": 1, "fields": {"nome": "Café 3 Corações Tradicional 500g", "quantidade": 10, "descricao": "Já é comprovado que o café faz parte do dia a dia de muita gente. Muitas vezes ele é desculpa para uma pausa, motivo para encontros especiais, momentos de leitura, reflexão e descanso. Além disso, a cafeína é conhecida por seus efeitos estimulantes e geralmente é associada a melhora no estado de alerta, na capacidade de aprendizado, concentração e aumento de energia. Reunindo todos os benefícios e um sabor único, o café em pó 3 Corações Tradicional Stand Pack vai conquistar os apaixonados por essa bebida. A embalagem de 500g é composta por um delicioso café do tipo arábico, torrado e moído com intensidade tradicional. Leve e suave é uma bebida para reunir a família toda.", "peso": 500.0, "preco": 13.79, "data_fabricacao": "2022-11-01T17:49:08Z", "data_validacao": "2022-11-05T17:49:10Z", "data_entrada": "2022-11-05T17:49:10Z", "protudo_img": "produto_img/2022/11/06/Cafe-Torrado-e-Moido-3-Coracoes-Tradicional-500g.png", "categoria": 14, "marca": 28}}, {"model": "inicio.produto", "pk": 3, "fields": {"nome": "Bisnaguinha Seven Boys Play! Original 300g", "quantidade": 20, "descricao": "Faça alegria da criançada e também dos adultos comprando Bisnaguinha Saven Boys, elas são macias, fofinhas e podem ser consumidas com diversos sabores de recheio da sua preferência. Ideal para servir no café da manhã, café da tarde, sobremesas, podendo degustar em intervalos das refeições.", "peso": 300.0, "preco": 5.99, "data_fabricacao": "2022-11-01T17:49:08Z", "data_validacao": "2022-11-28T17:50:52Z", "data_entrada": "2022-11-05T17:50:53Z", "protudo_img": "produto_img/2022/11/06/bisnaguinha_seven_boys_original_thumb.png", "categoria": 6, "marca": 27}}, {"model": "inicio.produto", "pk": 4, "fields": {"nome": "Biscoito Recheado Bauducco Choco Biscuit Meio Amargo 80g", "quantidade": 30, "descricao": "Batata palha Bilu é crocante e deliciosa. produzida com batatas selecionadas, ideal para os seus preparos.", "peso": 80.0, "preco": 4.28, "data_fabricacao": "2022-11-05T17:51:45Z", "data_validacao": "2022-11-23T17:51:48Z", "data_entrada": "2022-11-05T17:51:51Z", "protudo_img": "produto_img/2022/11/06/foto_original_1.jpg", "categoria": 13, "marca": 26}}, {"model": "inicio.produto", "pk": 5, "fields": {"nome": "Feijão Preto Broto Legal 1kg", "quantidade": 9, "descricao": "Lorem Ipsum is simply dummy text of the printing and typesetting industry. Lorem Ipsum has been the industry's standard dummy text ever since the 1500s, when an unknown printer took a galley of type and scrambled it to make a type specimen book. It has survived not only five centuries, but also the leap into", "peso": 1000.0, "preco": 15.5, "data_fabricacao": "2022-11-05T17:52:15Z", "data_validacao": "2022-11-25T17:52:17Z", "data_entrada": "2022-11-05T17:52:19Z", "protudo_img": "produto_img/2022/11/05/foto_original.jpg", "categoria": 14, "marca": 25}}, {"model": "inicio.produto", "pk": 6, "fields": {"nome": "Cereal Matinal Kellogg's Sucrilhos Pacote 280g", "quantidade": 26, "descricao": "Cereal matinal feito com flocos de milho com açúcar. Fonte de 5 vitaminas e ferro. 4 vitaminas do complexo B. Feito com flocos de milho de origem natural. Mais crocante. Gosto único.", "peso": 280.0, "preco": 7.99, "data_fabricacao": "2022-11-03T17:52:50Z", "data_validacao": "2022-11-18T17:52:53Z", "data_entrada": "2022-11-05T17:52:54Z", "protudo_img": "produto_img/2022/11/06/imagem_2022-11-06_171053151-removebg-preview.png", "categoria": 13, "marca": 24}}, {"model": "inicio.produto", "pk": 7, "fields": {"nome": "Chocolate Lacta Bis Xtra ao Leite 45g", "quantidade": 56, "descricao": "O Chocolate Bis Xtra ao Leite Lacta é uma novidade perfeita para quem gosta de chocolate! É um Bis do lado do outro coberto com um toque XTRA de chocolate Lacta. Irresistível, para ter sempre ao seu lado na hora daquela vontade de comer um doce.", "peso": 45.0, "preco": 1.98, "data_fabricacao": "2022-11-04T17:56:07Z", "data_validacao": "2022-12-08T17:56:11Z", "data_entrada": "2022-11-05T17:56:13Z", "protudo_img": "produto_img/2022/11/06/61cEwpXcP9L._AC_SX679_-removebg-preview.png", "categoria": 11, "marca": 23}}, {"model": "inicio.produto", "pk": 8, "fields": {"nome": "Feijão Preto Caldo Carioca 1kg", "quantidade": 32, "descricao": "Feijão preto indispensável no seu dia a dia e ideal para feijoada!", "peso": 1000.0, "preco": 3.89, "data_fabricacao": "2022-11-05T17:57:56Z", "data_validacao": "2023-02-09T17:58:01Z", "data_entrada": "2022-11-05T17:58:02Z", "protudo_img": "produto_img/2022/11/06/imagem_2022-11-06_170619692-removebg-preview.png", "categoria": 14, "marca": 22}}, {"model": "inicio.produto", "pk": 9, "fields": {"nome": "Creme de Avelã Ritter 250g", "quantidade": 30, "descricao": "O creme de avelã com cacau Ritter é um delicioso creme, fabricado com as melhores matérias primas, dentro de rigorosíssimo controle de higiene e limpeza em todas as etapas de sua produção. O creme de avelã com cacau Ritter possui sabor que encanta e engrandece qualquer receita, quer seja como recheio ou cobertura. Dê vida e um novo sabor para suas receitas utilizando este delicioso creme de avelã da marca Ritter.", "peso": 250.0, "preco": 13.95, "data_fabricacao": "2022-11-05T17:58:59Z", "data_validacao": "2023-03-17T17:59:06Z", "data_entrada": "2022-11-01T17:59:17Z", "protudo_img": "produto_img/2022/11/06/0dc69949f93d52fcfcaca58629c2b012-removebg-preview.png", "categoria": 11, "marca": 21}}, {"model": "inicio.produto", "pk": 10, "fields": {"nome": "Creme de Leite Tirol Tetra Pak 200g", "quantidade": 6, "descricao": "Estas versões do creme Tirol são especialmente desenvolvidas para cozinhar e possuem um teor de gordura de 17% e 25%. São ingredientes indispensável para preparar pratos salgados e doces e podem tornar as receitas mais saborosas.", "peso": 200.0, "preco": 2.49, "data_fabricacao": "2022-11-09T18:52:33Z", "data_validacao": "2022-11-30T18:52:36Z", "data_entrada": "2022-11-05T18:52:37Z", "protudo_img": "produto_img/2022/11/06/creme-leite-tirol-tp-200g-7896256600780_6-removebg-preview_1_47mxT4G.png", "categoria": 11, "marca": 20}}, {"model": "inicio.produto", "pk": 11, "fields": {"nome": "Creme de Leite Piracanjuba 200g", "quantidade": 9, "descricao": "Sabor incomparável e com textura aveludada. Proporciona receitas perfeitas e deliciosas, com o Creme de Leite Piracanjuba.", "peso": 200.0, "preco": 2.99, "data_fabricacao": "2022-11-25T18:53:50Z", "data_validacao": "2023-03-02T18:53:55Z", "data_entrada": "2022-11-05T18:53:57Z", "protudo_img": "produto_img/2022/11/06/511Om-UFPGL._AC_SX679_-removebg-preview_win3jcc.png", "categoria": 11, "marca": 19}}, {"model": "inicio.produto", "pk": 12, "fields": {"nome": "Pão Tipo Tortilha Wickbold Wrap Original 270g Com 9 Unidades", "quantidade": 24, "descricao": "Nosso wrap 100% Integral é mais uma das opções Wickbold para uma dieta equilibrada e saborosa. A massa é crocante, leve e combina bem com qualquer recheio. Praticidade, saudabilidade e sabor em um único produto. Tá pronto para você experimentar!", "peso": 270.0, "preco": 6.99, "data_fabricacao": "2022-11-08T18:55:23Z", "data_validacao": "2022-11-30T18:55:28Z", "data_entrada": "2022-11-05T18:55:29Z", "protudo_img": "produto_img/2022/11/06/imagem_2022-11-06_165327918-removebg-preview.png", "categoria": 6, "marca": 18}}, {"model": "inicio.produto", "pk": 13, "fields": {"nome": "Frango Empanado Seara Tekitos 300g", "quantidade": 22, "descricao": "Se você anda com a rotina atribulada e está em busca de um alimento que seja fácil de preparar, saudável, e cheio de sabor para levar à mesa para os seus filhos, a melhor opção é o nuggets de frango Tekitos da Seara. O produto contém em sua fórmula ingredientes como carne recuperada de frango e farinha de trigo enriquecida com ferro, que garantem uma refeição deliciosa e saudável.", "peso": 300.0, "preco": 5.49, "data_fabricacao": "2022-11-16T18:56:25Z", "data_validacao": "2022-11-30T18:56:28Z", "data_entrada": "2022-11-05T18:56:29Z", "protudo_img": "produto_img/2022/11/06/imagem_2022-11-06_165120502-removebg-preview.png", "categoria": 10, "marca": 17}}, {"model": "inicio.produto", "pk": 14, "fields": {"nome": "Sanduíche Congelado Seara Hot Hit Cheddar e Bacon 145g", "quantidade": 52, "descricao": "Incrível opção de lanche pré pronto, ideal para quem precisa fazer uma refeição rápida. Perfeito para aqueles dias que você não esta afim de cozinhar.", "peso": 145.0, "preco": 3.78, "data_fabricacao": "2022-11-26T18:58:08Z", "data_validacao": "2023-03-10T18:58:12Z", "data_entrada": "2022-11-05T18:58:13Z", "protudo_img": "produto_img/2022/11/06/imagem_2022-11-06_164802635-removebg-preview.png", "categoria": 6, "marca": 17}}, {"model": "inicio.produto", "pk": 15, "fields": {"nome": "Biscoito Salgado Piraquê Água Gergelim 240g", "quantidade": 24, "descricao": "O biscoito água com gergelim Piraquê tem um sabor único, além de ter uma crocância incrível. Combina no café da manhã, tarde ou lanchinho da noite, com ou sem patês, experimente!", "peso": 240.0, "preco": 5.45, "data_fabricacao": "2022-11-15T18:59:36Z", "data_validacao": "2022-11-30T18:59:38Z", "data_entrada": "2022-11-05T18:59:40Z", "protudo_img": "produto_img/2022/11/06/imagem_2022-11-06_164520165-removebg-preview.png", "categoria": 13, "marca": 16}}, {"model": "inicio.produto", "pk": 16, "fields": {"nome": "Margarina Claybom com Sal 500g", "quantidade": 50, "descricao": "A Claybom margarina cremosa com sal é a escolha certa para começar bem o dia com muito sabor e cremosidade. Ideal para dar aquela caprichada no café da manhã.", "peso": 500.0, "preco": 4.89, "data_fabricacao": "2022-11-01T19:00:54Z", "data_validacao": "2023-02-10T19:00:57Z", "data_entrada": "2022-11-05T19:00:58Z", "protudo_img": "produto_img/2022/11/06/9477_1-removebg-preview.png", "categoria": 8, "marca": 15}}, {"model": "inicio.produto", "pk": 17, "fields": {"nome": "Cerveja Patagonia Bohemian Pilsener Lata 473ml", "quantidade": 80, "descricao": "A Patagonia Bohemian Pilsener é uma tradicional cerveja do tipo Pilsen. Ela é produzida com o lúpulo tcheco Saaz que proporciona um aroma fresco e frutado bem característico, além de uma coloração dourada profunda.", "peso": 473.0, "preco": 4.98, "data_fabricacao": "2022-11-02T19:02:01Z", "data_validacao": "2023-07-13T19:02:08Z", "data_entrada": "2022-11-05T19:02:09Z", "protudo_img": "produto_img/2022/11/06/88707-cerveja-patagonia-bohemian-pilsener-lata-473ml-removebg-preview.png", "categoria": 9, "marca": 14}}, {"model": "inicio.produto", "pk": 18, "fields": {"nome": "Refrigerante Coca-Cola 2,5 Litros", "quantidade": 150, "descricao": "Celebre os melhores momentos da vida com o prazer de tomar uma saborosa Coca-Cola geladinha! E o melhor, com menos açúcar do que a fórmula original!!! Agora você pode saborear de todo o sabor inigualável desse refrigerante que marca gerações sem se preocupar com o excesso de açúcar.", "peso": 2.5, "preco": 7.88, "data_fabricacao": "2022-11-01T19:03:21Z", "data_validacao": "2023-10-25T19:03:30Z", "data_entrada": "2022-11-05T19:03:31Z", "protudo_img": "produto_img/2022/11/06/1818-refrigerante-coca-cola-2-5l-removebg-preview.png", "categoria": 7, "marca": 13}}, {"model": "inicio.produto", "pk": 19, "fields": {"nome": "Suco de Laranja Suq 3,6 Litros", "quantidade": 30, "descricao": "Sucos naturais e nutritivos que oferecem ao corpo energia, vitaminas, sais minerais e fibras, para que ele se mantenha sempre saudável.", "peso": 3.6, "preco": 21.98, "data_fabricacao": "2022-11-05T19:04:24Z", "data_validacao": "2022-11-30T19:04:27Z", "data_entrada": "2022-11-05T19:04:28Z", "protudo_img": "produto_img/2022/11/06/bab2e062f19f620193cfd14d37f2db875b895b2e493c631260b441a343a29b96__ikuLqor.png", "categoria": 7, "marca": 12}}, {"model": "inicio.produto", "pk": 20, "fields": {"nome": "Energético Monster Energy 473ml", "quantidade": 65, "descricao": "Um combo ideal de ingredientes na medida perproduzida pra fazer acontecer do jeito Monster. O sabor de Monster é ao mesmo tempo marcante e suave. Unleash the Beast!", "peso": 473.0, "preco": 7.99, "data_fabricacao": "2022-11-02T19:05:42Z", "data_validacao": "2023-09-06T19:05:47Z", "data_entrada": "2022-11-05T19:05:49Z", "protudo_img": "produto_img/2022/11/06/D_NQ_NP_926822-MLB42750146105_072020-O-removebg-preview.png", "categoria": 7, "marca": 11}}, {"model": "inicio.produto", "pk": 21, "fields": {"nome": "Suco Integral Aurora Uva Tinto 1,5 Litro", "quantidade": 65, "descricao": "Suco de Uva Integral Aurora é um suco brasileiro produzido na região da Serra Gaúcha pela Vinícola Aurora. Alguns dos benefícios do suco de uva integral para o corpo são: ajuda a emagrecer, melhora a circulação sanguínea, previne contra doenças cardiovasculares e melhora o funcionamento do sistema imunológico.", "peso": 1.5, "preco": 13.9, "data_fabricacao": "2022-08-09T19:07:03Z", "data_validacao": "2023-01-13T19:07:07Z", "data_entrada": "2022-11-05T19:07:09Z", "protudo_img": "produto_img/2022/11/06/2dqphaox71oeeqjmivycj55lllpva5ivw2iv_1600x2000fill_ffffff-removeb_1PDf54j.png", "categoria": 7, "marca": 2}}, {"model": "inicio.produto", "pk": 22, "fields": {"nome": "Papel Higiênico Cotton Deluxe Folha Dupla Neutro 30M Leve 16 Pague 15 Rolos", "quantidade": 60, "descricao": "Papel higiênico com folha dupla e exclusive tecnologia que proporciona máxima absorção, resistência, maciez e conforto para o usuário.", "peso": null, "preco": 25.9, "data_fabricacao": "2022-11-05T19:08:18Z", "data_validacao": "2023-08-31T19:08:25Z", "data_entrada": "2022-11-05T19:08:33Z", "protudo_img": "produto_img/2022/11/06/1221022-removebg-preview.png", "categoria": 12, "marca": 10}}, {"model": "inicio.produto", "pk": 23, "fields": {"nome": "Creme Dental Sorriso Tripla Limpeza Completa 70g", "quantidade": 42, "descricao": "Sorriso Tripla Limpeza Completa proporciona uma limpeza eficaz dos dentes protegendo contra 3 fatores que prejudicam a saúde bucal.", "peso": 70.0, "preco": 2.19, "data_fabricacao": "2022-11-03T19:14:00Z", "data_validacao": "2023-05-18T19:14:05Z", "data_entrada": "2022-11-05T19:14:07Z", "protudo_img": "produto_img/2022/11/06/674552-removebg-preview.png", "categoria": 12, "marca": 9}}, {"model": "inicio.produto", "pk": 24, "fields": {"nome": "Sabonete em Barra Francis Aromachologie Orquidea 85g", "quantidade": 89, "descricao": "A grande marca Francis construiu, ao longo de mais de quatro décadas, um excelente repertório de perfumados sabonetes, feitos com óleos florais que dão origem a fragrâncias únicas e inusitadas, além de sabonetes que oferecem hidratação, proteção e sensações.", "peso": 85.0, "preco": 2.59, "data_fabricacao": "2022-11-17T19:14:50Z", "data_validacao": "2023-07-20T19:14:54Z", "data_entrada": "2022-11-05T19:14:55Z", "protudo_img": "produto_img/2022/11/06/5871_sabonete-francis-aromachologie-geranio-que-seduz-barra-85g.png", "categoria": 12, "marca": 7}}, {"model": "inicio.produto", "pk": 25, "fields": {"nome": "Álcool Líquido Safra 46,2° Tradicional 1 Litro", "quantidade": 53, "descricao": "O Álcool Safra 46,2° ajuda a manter o ambiente limpo, desinfetado e com cheirinho de limpeza. Pode ser usado na sala, quarto, cozinha e banheiro.", "peso": 1000.0, "preco": 7.99, "data_fabricacao": "2022-11-01T19:16:22Z", "data_validacao": "2024-11-05T19:16:35Z", "data_entrada": "2022-11-05T19:16:36Z", "protudo_img": "produto_img/2022/11/06/7372_1-removebg-preview.png", "categoria": 10, "marca": 8}}, {"model": "inicio.produto", "pk": 26, "fields": {"nome": "Detergente Líquido Ypê Capim Limão 500ml", "quantidade": 42, "descricao": "Ypê detergente Capim Limão possui tecnologia que facilita o dia-a-dia, com Controle de Odor, que ajuda a controlar os odores indesejados da cozinha, como ovo, alho e cebola.", "peso": 500.0, "preco": 2.19, "data_fabricacao": "2022-11-01T19:17:29Z", "data_validacao": "2023-03-21T19:17:33Z", "data_entrada": "2023-09-14T19:17:41Z", "protudo_img": "produto_img/2022/11/06/Lava-Loucas-Liquido-Capim-Limao-Ype-Frasco-500ml.png", "categoria": 3, "marca": 6}}, {"model": "inicio.produto", "pk": 27, "fields": {"nome": "Esponja Multiuso Super Wish Leve 4 Pague 3 Unidades", "quantidade": 24, "descricao": "Essa não pode faltar nunca! Esponja da Super Wish é a escolha ideal para o uso diário.", "peso": 100.0, "preco": 2.89, "data_fabricacao": "2022-11-01T19:18:35Z", "data_validacao": "2422-11-25T19:18:48Z", "data_entrada": "2022-11-05T19:18:49Z", "protudo_img": "produto_img/2022/11/06/6f0b26e2da07261b8cfbc402cfdc3e9e-removebg-preview.png", "categoria": 3, "marca": 5}}, {"model": "inicio.produto", "pk": 28, "fields": {"nome": "Carvão Vegetal Rei da Brasa 5kg", "quantidade": 24, "descricao": "O segredo de um churrasco perfeito inicia do carvão ao sal. É ideal para ser utilizada em fogões, fogueiras , lareiras e acender a churrasqueira para aquele churrasco . Exija qualidade, peça Rei da Brasa .", "peso": 5000.0, "preco": 29.9, "data_fabricacao": "2022-11-05T19:19:55Z", "data_validacao": "2060-11-05T19:19:58Z", "data_entrada": "2022-11-05T19:20:05Z", "protudo_img": "produto_img/2022/11/06/CARVAO-VEG.REI-DA-BRASA-5-KG-1078453-removebg-preview.png", "categoria": 10, "marca": 4}}, {"model": "inicio.produto", "pk": 29, "fields": {"nome": "Fósforo Pinheiro Tradicional Contém 10 Caixas com 40 Fósforos cada", "quantidade": 21, "descricao": "A Fiat Lux é sinônimo de alta qualidade para os consumidores há mais de 115 anos. Pioneira em respeitar os princípios ecológicos, utilizando madeira de suas fazendas reflorestadas para a produção de fósforos.", "peso": 50.0, "preco": 4.49, "data_fabricacao": "2022-11-05T19:21:12Z", "data_validacao": "2072-11-05T19:21:16Z", "data_entrada": "2022-11-05T19:21:18Z", "protudo_img": "produto_img/2022/11/06/7896007912124-removebg-preview.png", "categoria": 10, "marca": 3}}, {"model": "inicio.produto", "pk": 30, "fields": {"nome": "Linguiça Suína Aurora Churrasco Pacote 800g", "quantidade": 56, "descricao": "Seja para o preparo das refeições do dia a dia ou como aperitivo no churrasco, a linguiça é deliciosa. Então, para que ela não falte, é muito importante adquirir o pacote de linguiça chuarrasco Aurora.", "peso": 800.0, "preco": 11.98, "data_fabricacao": "2022-11-03T19:22:04Z", "data_validacao": "2023-01-01T19:22:08Z", "data_entrada": "2022-11-05T19:22:14Z", "protudo_img": "produto_img/2022/11/06/LINGUICA-CHURRASCO-AURORA-800G-443.png", "categoria": 10, "marca": 2}}, {"model": "inicio.produto", "pk": 31, "fields": {"nome": "Filé de Tilápia Copacol Pacote 800g", "quantidade": 54, "descricao": "O filé de tilápia é um dos peixes mais consumidos no Brasil, especialmente por quem quer emagrecer, já que possui baixo percentual de gordura e taxas elevadas de proteínas. O legal é que ele é encontrado abundantemente no país e não tem alto custo. Por ter um sabor suave e textura firme, é muito versátil e pode servir com uma infinidade de pratos.", "peso": 800.0, "preco": 33.9, "data_fabricacao": "2022-11-05T19:23:26Z", "data_validacao": "2023-01-01T19:23:30Z", "data_entrada": "2022-11-05T19:23:31Z", "protudo_img": "produto_img/2022/11/06/7891527055078-file-merluza-copacol-pacote-800gr-removebg-preview.png", "categoria": 2, "marca": 1}}, {"model": "inicio.carrinho", "pk": 18, "fields": {"usuario": 5, "produto": 31, "quantidade_produto": 4}}, {"model": "inicio.carrinho", "pk": 19, "fields": {"usuario": 5, "produto": 27, "quantidade_produto": 5}}, {"model": "inicio.carrinho", "pk": 20, "fields": {"usuario": 1, "produto": 19, "quantidade_produto": 15}}, {"model": "inicio.carrinho", "pk": 21, "fields": {"usuario": 5, "produto": 23, "quantidade_produto": 1}}, {"model": "admin.logentry", "pk": 1, "fields": {"action_time": "2022-11-02T21:54:00.210Z", "user": 1, "content_type": 1, "object_id": "1", "object_repr": "matheus", "action_flag": 2, "change_message": "[{\"changed\": {\"fields\": [\"First name\", \"Last name\", \"Email address\"]}}]"}}, {"model": "admin.logentry", "pk": 2, "fields": {"action_time": "2022-11-02T21:57:44.040Z", "user": 1, "content_type": 1, "object_id": "2", "object_repr": "teste", "action_flag": 1, "change_message": "[{\"added\": {}}]"}}, {"model": "admin.logentry", "pk": 4, "fields": {"action_time": "2022-11-03T04:07:06.686Z", "user": 1, "content_type": 1, "object_id": "1", "object_repr": "matheus", "action_flag": 2, "change_message": "[{\"changed\": {\"fields\": [\"Telefone\", \"Perfil img\"]}}]"}}, {"model": "admin.logentry", "pk": 5, "fields": {"action_time": "2022-11-03T04:08:32.684Z", "user": 1, "content_type": 1, "object_id": "1", "object_repr": "matheus", "action_flag": 2, "change_message": "[{\"changed\": {\"fields\": [\"Perfil img\"]}}]"}}, {"model": "admin.logentry", "pk": 8, "fields": {"action_time": "2022-11-05T17:50:49.239Z", "user": 1, "content_type": 7, "object_id": "2", "object_repr": "arroz", "action_flag": 1, "change_message": "[{\"added\": {}}]"}}, {"model": "admin.logentry", "pk": 11, "fields": {"action_time": "2022-11-05T17:52:26.676Z", "user": 1, "content_type": 7, "object_id": "5", "object_repr": "feijão", "action_flag": 1, "change_message": "[{\"added\": {}}]"}}, {"model": "admin.logentry", "pk": 47, "fields": {"action_time": "2022-11-06T19:03:12.189Z", "user": 1, "content_type": 9, "object_id": "6", "object_repr": "padaria", "action_flag": 1, "change_message": "[{\"added\": {}}]"}}, {"model": "admin.logentry", "pk": 54, "fields": {"action_time": "2022-11-06T19:05:53.440Z", "user": 1, "content_type": 7, "object_id": "30", "object_repr": "Linguiça Suína Aurora Churrasco Pacote 800g", "action_flag": 2, "change_message": "[{\"changed\": {\"fields\": [\"Categoria\"]}}]"}}, {"model": "admin.logentry", "pk": 55, "fields": {"action_time": "2022-11-06T19:06:03.560Z", "user": 1, "content_type": 7, "object_id": "28", "object_repr": "Carvão Vegetal Rei da Brasa 5kg", "action_flag": 2, "change_message": "[{\"changed\": {\"fields\": [\"Categoria\"]}}]"}}, {"model": "admin.logentry", "pk": 56, "fields": {"action_time": "2022-11-06T19:06:22.537Z", "user": 1, "content_type": 7, "object_id": "27", "object_repr": "Esponja Multiuso Super Wish Leve 4 Pague 3 Unidades", "action_flag": 2, "change_message": "[{\"changed\": {\"fields\": [\"Categoria\"]}}]"}}, {"model": "admin.logentry", "pk": 57, "fields": {"action_time": "2022-11-06T19:06:41.225Z", "user": 1, "content_type": 7, "object_id": "27", "object_repr": "Esponja Multiuso Super Wish Leve 4 Pague 3 Unidades", "action_flag": 2, "change_message": "[]"}}, {"model": "admin.logentry", "pk": 58, "fields": {"action_time": "2022-11-06T19:06:50.293Z", "user": 1, "content_type": 7, "object_id": "29", "object_repr": "Fósforo Pinheiro Tradicional Contém 10 Caixas com 40 Fósforos cada", "action_flag": 2, "change_message": "[{\"changed\": {\"fields\": [\"Categoria\"]}}]"}}, {"model": "admin.logentry", "pk": 59, "fields": {"action_time": "2022-11-06T19:07:04.307Z", "user": 1, "content_type": 7, "object_id": "26", "object_repr": "Detergente Líquido Ypê Capim Limão 500ml", "action_flag": 2, "change_message": "[{\"changed\": {\"fields\": [\"Categoria\"]}}]"}}, {"model": "admin.logentry", "pk": 60, "fields": {"action_time": "2022-11-06T19:07:27.773Z", "user": 1, "content_type": 7, "object_id": "25", "object_repr": "Álcool Líquido Safra 46,2° Tradicional 1 Litro", "action_flag": 2, "change_message": "[{\"changed\": {\"fields\": [\"Categoria\"]}}]"}}, {"model": "admin.logentry", "pk": 62, "fields": {"action_time": "2022-11-06T19:08:28.645Z", "user": 1, "content_type": 9, "object_id": "12", "object_repr": "higiene", "action_flag": 1, "change_message": "[{\"added\": {}}]"}}, {"model": "admin.logentry", "pk": 65, "fields": {"action_time": "2022-11-06T19:08:56.722Z", "user": 1, "content_type": 7, "object_id": "24", "object_repr": "Sabonete em Barra Francis Aromachologie Orquidea 85g", "action_flag": 2, "change_message": "[{\"changed\": {\"fields\": [\"Categoria\"]}}]"}}, {"model": "admin.logentry", "pk": 66, "fields": {"action_time": "2022-11-06T19:09:16.463Z", "user": 1, "content_type": 7, "object_id": "24", "object_repr": "Sabonete em Barra Francis Aromachologie Orquidea 85g", "action_flag": 2, "change_message": "[]"}}, {"model": "admin.logentry", "pk": 67, "fields": {"action_time": "2022-11-06T19:09:24.508Z", "user": 1, "content_type": 7, "object_id": "23", "object_repr": "Creme Dental Sorriso Tripla Limpeza Completa 70g", "action_flag": 2, "change_message": "[{\"changed\": {\"fields\": [\"Categoria\"]}}]"}}, {"model": "admin.logentry", "pk": 68, "fields": {"action_time": "2022-11-06T19:09:40.109Z", "user": 1, "content_type": 7, "object_id": "22", "object_repr": "Papel Higiênico Cotton Deluxe Folha Dupla Neutro 30M Leve 16 Pague 15 Rolos", "action_flag": 2, "change_message": "[{\"changed\": {\"fields\": [\"Categoria\"]}}]"}}, {"model": "admin.logentry", "pk": 69, "fields": {"action_time": "2022-11-06T19:10:10.345Z", "user": 1, "content_type": 7, "object_id": "21", "object_repr": "Suco Integral Aurora Uva Tinto 1,5 Litro", "action_flag": 2, "change_message": "[{\"changed\": {\"fields\": [\"Categoria\"]}}]"}}, {"model": "admin.logentry", "pk": 70, "fields": {"action_time": "2022-11-06T19:10:20.503Z", "user": 1, "content_type": 7, "object_id": "21", "object_repr": "Suco Integral Aurora Uva Tinto 1,5 Litro", "action_flag": 2, "change_message": "[]"}}, {"model": "admin.logentry", "pk": 71, "fields": {"action_time": "2022-11-06T19:10:31.908Z", "user": 1, "content_type": 7, "object_id": "20", "object_repr": "Energético Monster Energy 473ml", "action_flag": 2, "change_message": "[{\"changed\": {\"fields\": [\"Categoria\"]}}]"}}, {"model": "admin.logentry", "pk": 72, "fields": {"action_time": "2022-11-06T19:10:39.837Z", "user": 1, "content_type": 7, "object_id": "19", "object_repr": "Suco de Laranja Suq 3,6 Litros", "action_flag": 2, "change_message": "[{\"changed\": {\"fields\": [\"Categoria\"]}}]"}}, {"model": "admin.logentry", "pk": 73, "fields": {"action_time": "2022-11-06T19:10:48.403Z", "user": 1, "content_type": 7, "object_id": "18", "object_repr": "Refrigerante Coca-Cola 2,5 Litros", "action_flag": 2, "change_message": "[{\"changed\": {\"fields\": [\"Categoria\"]}}]"}}, {"model": "admin.logentry", "pk": 74, "fields": {"action_time": "2022-11-06T19:10:55.570Z", "user": 1, "content_type": 7, "object_id": "17", "object_repr": "Cerveja Patagonia Bohemian Pilsener Lata 473ml", "action_flag": 2, "change_message": "[{\"changed\": {\"fields\": [\"Categoria\"]}}]"}}, {"model": "admin.logentry", "pk": 75, "fields": {"action_time": "2022-11-06T19:11:50.738Z", "user": 1, "content_type": 7, "object_id": "16", "object_repr": "Margarina Claybom com Sal 500g", "action_flag": 2, "change_message": "[{\"changed\": {\"fields\": [\"Categoria\"]}}]"}}, {"model": "admin.logentry", "pk": 77, "fields": {"action_time": "2022-11-06T19:11:59.359Z", "user": 1, "content_type": 7, "object_id": "16", "object_repr": "Margarina Claybom com Sal 500g", "action_flag": 2, "change_message": "[{\"changed\": {\"fields\": [\"Categoria\"]}}]"}}, {"model": "admin.logentry", "pk": 78, "fields": {"action_time": "2022-11-06T19:12:42.537Z", "user": 1, "content_type": 9, "object_id": "13", "object_repr": "Bolacha", "action_flag": 1, "change_message": "[{\"added\": {}}]"}}, {"model": "admin.logentry", "pk": 79, "fields": {"action_time": "2022-11-06T19:12:56.942Z", "user": 1, "content_type": 7, "object_id": "15", "object_repr": "Biscoito Salgado Piraquê Água Gergelim 240g", "action_flag": 2, "change_message": "[{\"changed\": {\"fields\": [\"Categoria\"]}}]"}}, {"model": "admin.logentry", "pk": 80, "fields": {"action_time": "2022-11-06T19:13:06.661Z", "user": 1, "content_type": 7, "object_id": "14", "object_repr": "Sanduíche Congelado Seara Hot Hit Cheddar e Bacon 145g", "action_flag": 2, "change_message": "[{\"changed\": {\"fields\": [\"Categoria\"]}}]"}}, {"model": "admin.logentry", "pk": 81, "fields": {"action_time": "2022-11-06T19:13:35.017Z", "user": 1, "content_type": 7, "object_id": "13", "object_repr": "Frango Empanado Seara Tekitos 300g", "action_flag": 2, "change_message": "[{\"changed\": {\"fields\": [\"Categoria\"]}}]"}}, {"model": "admin.logentry", "pk": 82, "fields": {"action_time": "2022-11-06T19:13:59.279Z", "user": 1, "content_type": 7, "object_id": "12", "object_repr": "Pão Tipo Tortilha Wickbold Wrap Original 270g Com 9 Unidades", "action_flag": 2, "change_message": "[{\"changed\": {\"fields\": [\"Categoria\"]}}]"}}, {"model": "admin.logentry", "pk": 84, "fields": {"action_time": "2022-11-06T19:15:22.055Z", "user": 1, "content_type": 7, "object_id": "11", "object_repr": "Creme de Leite Piracanjuba 200g", "action_flag": 2, "change_message": "[{\"changed\": {\"fields\": [\"Categoria\"]}}]"}}, {"model": "admin.logentry", "pk": 85, "fields": {"action_time": "2022-11-06T19:15:32.606Z", "user": 1, "content_type": 7, "object_id": "10", "object_repr": "Creme de Leite Tirol Tetra Pak 200g", "action_flag": 2, "change_message": "[{\"changed\": {\"fields\": [\"Categoria\"]}}]"}}, {"model": "admin.logentry", "pk": 87, "fields": {"action_time": "2022-11-06T19:15:40.594Z", "user": 1, "content_type": 7, "object_id": "9", "object_repr": "Creme de Avelã Ritter 250g", "action_flag": 2, "change_message": "[{\"changed\": {\"fields\": [\"Categoria\"]}}]"}}, {"model": "admin.logentry", "pk": 88, "fields": {"action_time": "2022-11-06T19:16:36.416Z", "user": 1, "content_type": 9, "object_id": "14", "object_repr": "Cozinha", "action_flag": 1, "change_message": "[{\"added\": {}}]"}}, {"model": "admin.logentry", "pk": 89, "fields": {"action_time": "2022-11-06T19:16:49.424Z", "user": 1, "content_type": 7, "object_id": "8", "object_repr": "Feijão Preto Caldo Carioca 1kg", "action_flag": 2, "change_message": "[{\"changed\": {\"fields\": [\"Categoria\"]}}]"}}, {"model": "admin.logentry", "pk": 90, "fields": {"action_time": "2022-11-06T19:16:57.490Z", "user": 1, "content_type": 7, "object_id": "7", "object_repr": "Chocolate Lacta Bis Xtra ao Leite 45g", "action_flag": 2, "change_message": "[{\"changed\": {\"fields\": [\"Categoria\"]}}]"}}, {"model": "admin.logentry", "pk": 91, "fields": {"action_time": "2022-11-06T19:17:11.920Z", "user": 1, "content_type": 7, "object_id": "6", "object_repr": "Cereal Matinal Kellogg's Sucrilhos Pacote 280g", "action_flag": 2, "change_message": "[{\"changed\": {\"fields\": [\"Categoria\"]}}]"}}, {"model": "admin.logentry", "pk": 92, "fields": {"action_time": "2022-11-06T19:17:24.619Z", "user": 1, "content_type": 7, "object_id": "5", "object_repr": "Feijão Preto Broto Legal 1kg", "action_flag": 2, "change_message": "[{\"changed\": {\"fields\": [\"Categoria\"]}}]"}}, {"model": "admin.logentry", "pk": 93, "fields": {"action_time": "2022-11-06T19:17:47.306Z", "user": 1, "content_type": 7, "object_id": "4", "object_repr": "Biscoito Recheado Bauducco Choco Biscuit Meio Amargo 80g", "action_flag": 2, "change_message": "[{\"changed\": {\"fields\": [\"Categoria\"]}}]"}}, {"model": "admin.logentry", "pk": 95, "fields": {"action_time": "2022-11-06T19:17:55.666Z", "user": 1, "content_type": 7, "object_id": "3", "object_repr": "Bisnaguinha Seven Boys Play! Original 300g", "action_flag": 2, "change_message": "[{\"changed\": {\"fields\": [\"Categoria\"]}}]"}}, {"model": "admin.logentry", "pk": 96, "fields": {"action_time": "2022-11-06T19:18:02.311Z", "user": 1, "content_type": 7, "object_id": "2", "object_repr": "Arroz", "action_flag": 2, "change_message": "[{\"changed\": {\"fields\": [\"Categoria\"]}}]"}}, {"model": "admin.logentry", "pk": 97, "fields": {"action_time": "2022-11-06T19:18:10.303Z", "user": 1, "content_type": 7, "object_id": "1", "object_repr": "Café 3 Corações Tradicional 500g", "action_flag": 2, "change_message": "[{\"changed\": {\"fields\": [\"Categoria\"]}}]"}}, {"model": "admin.logentry", "pk": 106, "fields": {"action_time": "2022-11-06T19:31:03.571Z", "user": 1, "content_type": 10, "object_id": "1", "object_repr": "Copacol", "action_flag": 1, "change_message": "[{\"added\": {}}]"}}, {"model": "admin.logentry", "pk": 107, "fields": {"action_time": "2022-11-06T19:31:07.275Z", "user": 1, "content_type": 7, "object_id": "31", "object_repr": "Filé de Tilápia Copacol Pacote 800g", "action_flag": 2, "change_message": "[{\"changed\": {\"fields\": [\"Marca\"]}}]"}}, {"model": "admin.logentry", "pk": 108, "fields": {"action_time": "2022-11-06T19:31:20.579Z", "user": 1, "content_type": 10, "object_id": "2", "object_repr": "Aurora", "action_flag": 1, "change_message": "[{\"added\": {}}]"}}, {"model": "admin.logentry", "pk": 109, "fields": {"action_time": "2022-11-06T19:31:24.113Z", "user": 1, "content_type": 7, "object_id": "30", "object_repr": "Linguiça Suína Aurora Churrasco Pacote 800g", "action_flag": 2, "change_message": "[{\"changed\": {\"fields\": [\"Marca\"]}}]"}}, {"model": "admin.logentry", "pk": 110, "fields": {"action_time": "2022-11-06T19:31:51.331Z", "user": 1, "content_type": 10, "object_id": "3", "object_repr": "Fiat Lux", "action_flag": 1, "change_message": "[{\"added\": {}}]"}}, {"model": "admin.logentry", "pk": 111, "fields": {"action_time": "2022-11-06T19:31:55.906Z", "user": 1, "content_type": 7, "object_id": "29", "object_repr": "Fósforo Pinheiro Tradicional Contém 10 Caixas com 40 Fósforos cada", "action_flag": 2, "change_message": "[{\"changed\": {\"fields\": [\"Marca\"]}}]"}}, {"model": "admin.logentry", "pk": 112, "fields": {"action_time": "2022-11-06T19:32:10.482Z", "user": 1, "content_type": 10, "object_id": "4", "object_repr": "Rei da Brasa", "action_flag": 1, "change_message": "[{\"added\": {}}]"}}, {"model": "admin.logentry", "pk": 113, "fields": {"action_time": "2022-11-06T19:32:11.890Z", "user": 1, "content_type": 7, "object_id": "28", "object_repr": "Carvão Vegetal Rei da Brasa 5kg", "action_flag": 2, "change_message": "[{\"changed\": {\"fields\": [\"Marca\"]}}]"}}, {"model": "admin.logentry", "pk": 114, "fields": {"action_time": "2022-11-06T19:32:32.341Z", "user": 1, "content_type": 7, "object_id": "28", "object_repr": "Carvão Vegetal Rei da Brasa 5kg", "action_flag": 2, "change_message": "[]"}}, {"model": "admin.logentry", "pk": 115, "fields": {"action_time": "2022-11-06T19:32:48.662Z", "user": 1, "content_type": 10, "object_id": "5", "object_repr": "Super Wish", "action_flag": 1, "change_message": "[{\"added\": {}}]"}}, {"model": "admin.logentry", "pk": 116, "fields": {"action_time": "2022-11-06T19:32:51.089Z", "user": 1, "content_type": 7, "object_id": "27", "object_repr": "Esponja Multiuso Super Wish Leve 4 Pague 3 Unidades", "action_flag": 2, "change_message": "[{\"changed\": {\"fields\": [\"Marca\"]}}]"}}, {"model": "admin.logentry", "pk": 117, "fields": {"action_time": "2022-11-06T19:33:09.581Z", "user": 1, "content_type": 10, "object_id": "6", "object_repr": "Ypê", "action_flag": 1, "change_message": "[{\"added\": {}}]"}}, {"model": "admin.logentry", "pk": 118, "fields": {"action_time": "2022-11-06T19:33:10.599Z", "user": 5, "content_type": 7, "object_id": "23", "object_repr": "Creme Dental Sorriso Tripla Limpeza Completa 70g", "action_flag": 2, "change_message": "[{\"changed\": {\"fields\": [\"Protudo img\"]}}]"}}, {"model": "admin.logentry", "pk": 119, "fields": {"action_time": "2022-11-06T19:33:12.512Z", "user": 1, "content_type": 7, "object_id": "26", "object_repr": "Detergente Líquido Ypê Capim Limão 500ml", "action_flag": 2, "change_message": "[{\"changed\": {\"fields\": [\"Marca\"]}}]"}}, {"model": "admin.logentry", "pk": 120, "fields": {"action_time": "2022-11-06T19:33:33.182Z", "user": 5, "content_type": 7, "object_id": "22", "object_repr": "Papel Higiênico Cotton Deluxe Folha Dupla Neutro 30M Leve 16 Pague 15 Rolos", "action_flag": 2, "change_message": "[{\"changed\": {\"fields\": [\"Protudo img\"]}}]"}}, {"model": "admin.logentry", "pk": 121, "fields": {"action_time": "2022-11-06T19:33:38.042Z", "user": 1, "content_type": 10, "object_id": "7", "object_repr": "Francis", "action_flag": 1, "change_message": "[{\"added\": {}}]"}}, {"model": "admin.logentry", "pk": 122, "fields": {"action_time": "2022-11-06T19:33:39.937Z", "user": 1, "content_type": 7, "object_id": "24", "object_repr": "Sabonete em Barra Francis Aromachologie Orquidea 85g", "action_flag": 2, "change_message": "[{\"changed\": {\"fields\": [\"Marca\"]}}]"}}, {"model": "admin.logentry", "pk": 123, "fields": {"action_time": "2022-11-06T19:33:54.100Z", "user": 1, "content_type": 10, "object_id": "8", "object_repr": "Safra", "action_flag": 1, "change_message": "[{\"added\": {}}]"}}, {"model": "admin.logentry", "pk": 124, "fields": {"action_time": "2022-11-06T19:33:57.654Z", "user": 1, "content_type": 7, "object_id": "25", "object_repr": "Álcool Líquido Safra 46,2° Tradicional 1 Litro", "action_flag": 2, "change_message": "[{\"changed\": {\"fields\": [\"Marca\"]}}]"}}, {"model": "admin.logentry", "pk": 125, "fields": {"action_time": "2022-11-06T19:34:08.426Z", "user": 1, "content_type": 10, "object_id": "9", "object_repr": "Sorriso", "action_flag": 1, "change_message": "[{\"added\": {}}]"}}, {"model": "admin.logentry", "pk": 126, "fields": {"action_time": "2022-11-06T19:34:10.255Z", "user": 1, "content_type": 7, "object_id": "23", "object_repr": "Creme Dental Sorriso Tripla Limpeza Completa 70g", "action_flag": 2, "change_message": "[{\"changed\": {\"fields\": [\"Marca\"]}}]"}}, {"model": "admin.logentry", "pk": 127, "fields": {"action_time": "2022-11-06T19:35:03.436Z", "user": 1, "content_type": 10, "object_id": "10", "object_repr": "Cotton", "action_flag": 1, "change_message": "[{\"added\": {}}]"}}, {"model": "admin.logentry", "pk": 128, "fields": {"action_time": "2022-11-06T19:35:05.008Z", "user": 1, "content_type": 7, "object_id": "22", "object_repr": "Papel Higiênico Cotton Deluxe Folha Dupla Neutro 30M Leve 16 Pague 15 Rolos", "action_flag": 2, "change_message": "[{\"changed\": {\"fields\": [\"Marca\"]}}]"}}, {"model": "admin.logentry", "pk": 129, "fields": {"action_time": "2022-11-06T19:35:08.403Z", "user": 5, "content_type": 7, "object_id": "21", "object_repr": "Suco Integral Aurora Uva Tinto 1,5 Litro", "action_flag": 2, "change_message": "[{\"changed\": {\"fields\": [\"Protudo img\"]}}]"}}, {"model": "admin.logentry", "pk": 130, "fields": {"action_time": "2022-11-06T19:35:18.069Z", "user": 1, "content_type": 7, "object_id": "21", "object_repr": "Suco Integral Aurora Uva Tinto 1,5 Litro", "action_flag": 2, "change_message": "[{\"changed\": {\"fields\": [\"Marca\"]}}]"}}, {"model": "admin.logentry", "pk": 131, "fields": {"action_time": "2022-11-06T19:35:18.136Z", "user": 5, "content_type": 7, "object_id": "22", "object_repr": "Papel Higiênico Cotton Deluxe Folha Dupla Neutro 30M Leve 16 Pague 15 Rolos", "action_flag": 2, "change_message": "[{\"changed\": {\"fields\": [\"Peso\"]}}]"}}, {"model": "admin.logentry", "pk": 132, "fields": {"action_time": "2022-11-06T19:36:07.371Z", "user": 5, "content_type": 7, "object_id": "20", "object_repr": "Energético Monster Energy 473ml", "action_flag": 2, "change_message": "[{\"changed\": {\"fields\": [\"Protudo img\"]}}]"}}, {"model": "admin.logentry", "pk": 133, "fields": {"action_time": "2022-11-06T19:36:22.449Z", "user": 1, "content_type": 10, "object_id": "11", "object_repr": "Monster", "action_flag": 1, "change_message": "[{\"added\": {}}]"}}, {"model": "admin.logentry", "pk": 134, "fields": {"action_time": "2022-11-06T19:36:23.936Z", "user": 1, "content_type": 7, "object_id": "20", "object_repr": "Energético Monster Energy 473ml", "action_flag": 2, "change_message": "[{\"changed\": {\"fields\": [\"Marca\"]}}]"}}, {"model": "admin.logentry", "pk": 135, "fields": {"action_time": "2022-11-06T19:36:49.640Z", "user": 1, "content_type": 10, "object_id": "12", "object_repr": "Suq", "action_flag": 1, "change_message": "[{\"added\": {}}]"}}, {"model": "admin.logentry", "pk": 136, "fields": {"action_time": "2022-11-06T19:36:56.742Z", "user": 1, "content_type": 7, "object_id": "19", "object_repr": "Suco de Laranja Suq 3,6 Litros", "action_flag": 2, "change_message": "[{\"changed\": {\"fields\": [\"Marca\"]}}]"}}, {"model": "admin.logentry", "pk": 137, "fields": {"action_time": "2022-11-06T19:37:11.453Z", "user": 1, "content_type": 10, "object_id": "13", "object_repr": "CocaCola", "action_flag": 1, "change_message": "[{\"added\": {}}]"}}, {"model": "admin.logentry", "pk": 138, "fields": {"action_time": "2022-11-06T19:37:19.488Z", "user": 1, "content_type": 10, "object_id": "13", "object_repr": "Coca Cola", "action_flag": 2, "change_message": "[{\"changed\": {\"fields\": [\"Marca\"]}}]"}}, {"model": "admin.logentry", "pk": 139, "fields": {"action_time": "2022-11-06T19:37:21.728Z", "user": 1, "content_type": 7, "object_id": "18", "object_repr": "Refrigerante Coca-Cola 2,5 Litros", "action_flag": 2, "change_message": "[{\"changed\": {\"fields\": [\"Marca\"]}}]"}}, {"model": "admin.logentry", "pk": 140, "fields": {"action_time": "2022-11-06T19:37:33.362Z", "user": 5, "content_type": 7, "object_id": "19", "object_repr": "Suco de Laranja Suq 3,6 Litros", "action_flag": 2, "change_message": "[{\"changed\": {\"fields\": [\"Protudo img\", \"Marca\"]}}]"}}, {"model": "admin.logentry", "pk": 141, "fields": {"action_time": "2022-11-06T19:37:34.449Z", "user": 5, "content_type": 7, "object_id": "19", "object_repr": "Suco de Laranja Suq 3,6 Litros", "action_flag": 2, "change_message": "[{\"changed\": {\"fields\": [\"Protudo img\"]}}]"}}, {"model": "admin.logentry", "pk": 142, "fields": {"action_time": "2022-11-06T19:38:53.558Z", "user": 1, "content_type": 10, "object_id": "14", "object_repr": "Pilsener", "action_flag": 1, "change_message": "[{\"added\": {}}]"}}, {"model": "admin.logentry", "pk": 143, "fields": {"action_time": "2022-11-06T19:38:56.334Z", "user": 1, "content_type": 7, "object_id": "17", "object_repr": "Cerveja Patagonia Bohemian Pilsener Lata 473ml", "action_flag": 2, "change_message": "[{\"changed\": {\"fields\": [\"Marca\"]}}]"}}, {"model": "admin.logentry", "pk": 144, "fields": {"action_time": "2022-11-06T19:39:16.721Z", "user": 1, "content_type": 10, "object_id": "15", "object_repr": "Claybom", "action_flag": 1, "change_message": "[{\"added\": {}}]"}}, {"model": "admin.logentry", "pk": 145, "fields": {"action_time": "2022-11-06T19:39:18.091Z", "user": 1, "content_type": 7, "object_id": "16", "object_repr": "Margarina Claybom com Sal 500g", "action_flag": 2, "change_message": "[{\"changed\": {\"fields\": [\"Marca\"]}}]"}}, {"model": "admin.logentry", "pk": 146, "fields": {"action_time": "2022-11-06T19:39:34.200Z", "user": 1, "content_type": 7, "object_id": "19", "object_repr": "Suco de Laranja Suq 3,6 Litros", "action_flag": 2, "change_message": "[{\"changed\": {\"fields\": [\"Marca\"]}}]"}}, {"model": "admin.logentry", "pk": 147, "fields": {"action_time": "2022-11-06T19:40:04.144Z", "user": 5, "content_type": 7, "object_id": "18", "object_repr": "Refrigerante Coca-Cola 2,5 Litros", "action_flag": 2, "change_message": "[{\"changed\": {\"fields\": [\"Protudo img\"]}}]"}}, {"model": "admin.logentry", "pk": 148, "fields": {"action_time": "2022-11-06T19:42:14.432Z", "user": 5, "content_type": 7, "object_id": "17", "object_repr": "Cerveja Patagonia Bohemian Pilsener Lata 473ml", "action_flag": 2, "change_message": "[{\"changed\": {\"fields\": [\"Protudo img\"]}}]"}}, {"model": "admin.logentry", "pk": 149, "fields": {"action_time": "2022-11-06T19:42:16.084Z", "user": 1, "content_type": 10, "object_id": "16", "object_repr": "Piraquê", "action_flag": 1, "change_message": "[{\"added\": {}}]"}}, {"model": "admin.logentry", "pk": 150, "fields": {"action_time": "2022-11-06T19:42:17.730Z", "user": 1, "content_type": 7, "object_id": "15", "object_repr": "Biscoito Salgado Piraquê Água Gergelim 240g", "action_flag": 2, "change_message": "[{\"changed\": {\"fields\": [\"Marca\"]}}]"}}, {"model": "admin.logentry", "pk": 151, "fields": {"action_time": "2022-11-06T19:43:36.607Z", "user": 5, "content_type": 7, "object_id": "16", "object_repr": "Margarina Claybom com Sal 500g", "action_flag": 2, "change_message": "[{\"changed\": {\"fields\": [\"Protudo img\"]}}]"}}, {"model": "admin.logentry", "pk": 152, "fields": {"action_time": "2022-11-06T19:45:10.877Z", "user": 1, "content_type": 10, "object_id": "17", "object_repr": "Seara", "action_flag": 1, "change_message": "[{\"added\": {}}]"}}, {"model": "admin.logentry", "pk": 153, "fields": {"action_time": "2022-11-06T19:45:13.663Z", "user": 1, "content_type": 7, "object_id": "14", "object_repr": "Sanduíche Congelado Seara Hot Hit Cheddar e Bacon 145g", "action_flag": 2, "change_message": "[{\"changed\": {\"fields\": [\"Marca\"]}}]"}}, {"model": "admin.logentry", "pk": 154, "fields": {"action_time": "2022-11-06T19:45:28.057Z", "user": 1, "content_type": 7, "object_id": "13", "object_repr": "Frango Empanado Seara Tekitos 300g", "action_flag": 2, "change_message": "[{\"changed\": {\"fields\": [\"Marca\"]}}]"}}, {"model": "admin.logentry", "pk": 155, "fields": {"action_time": "2022-11-06T19:45:52.979Z", "user": 5, "content_type": 7, "object_id": "15", "object_repr": "Biscoito Salgado Piraquê Água Gergelim 240g", "action_flag": 2, "change_message": "[{\"changed\": {\"fields\": [\"Protudo img\"]}}]"}}, {"model": "admin.logentry", "pk": 156, "fields": {"action_time": "2022-11-06T19:46:10.933Z", "user": 1, "content_type": 10, "object_id": "18", "object_repr": "Wickbold Wrap", "action_flag": 1, "change_message": "[{\"added\": {}}]"}}, {"model": "admin.logentry", "pk": 157, "fields": {"action_time": "2022-11-06T19:46:13.279Z", "user": 1, "content_type": 7, "object_id": "12", "object_repr": "Pão Tipo Tortilha Wickbold Wrap Original 270g Com 9 Unidades", "action_flag": 2, "change_message": "[{\"changed\": {\"fields\": [\"Marca\"]}}]"}}, {"model": "admin.logentry", "pk": 158, "fields": {"action_time": "2022-11-06T19:46:27.542Z", "user": 1, "content_type": 10, "object_id": "19", "object_repr": "Piracanjuba", "action_flag": 1, "change_message": "[{\"added\": {}}]"}}, {"model": "admin.logentry", "pk": 159, "fields": {"action_time": "2022-11-06T19:46:29.354Z", "user": 1, "content_type": 7, "object_id": "11", "object_repr": "Creme de Leite Piracanjuba 200g", "action_flag": 2, "change_message": "[{\"changed\": {\"fields\": [\"Marca\"]}}]"}}, {"model": "admin.logentry", "pk": 160, "fields": {"action_time": "2022-11-06T19:46:51.010Z", "user": 1, "content_type": 10, "object_id": "20", "object_repr": "Tirol", "action_flag": 1, "change_message": "[{\"added\": {}}]"}}, {"model": "admin.logentry", "pk": 161, "fields": {"action_time": "2022-11-06T19:46:54.290Z", "user": 1, "content_type": 7, "object_id": "10", "object_repr": "Creme de Leite Tirol Tetra Pak 200g", "action_flag": 2, "change_message": "[{\"changed\": {\"fields\": [\"Marca\"]}}]"}}, {"model": "admin.logentry", "pk": 162, "fields": {"action_time": "2022-11-06T19:47:14.090Z", "user": 1, "content_type": 10, "object_id": "21", "object_repr": "Ritter", "action_flag": 1, "change_message": "[{\"added\": {}}]"}}, {"model": "admin.logentry", "pk": 163, "fields": {"action_time": "2022-11-06T19:47:16.104Z", "user": 1, "content_type": 7, "object_id": "9", "object_repr": "Creme de Avelã Ritter 250g", "action_flag": 2, "change_message": "[{\"changed\": {\"fields\": [\"Marca\"]}}]"}}, {"model": "admin.logentry", "pk": 164, "fields": {"action_time": "2022-11-06T19:47:28.226Z", "user": 1, "content_type": 10, "object_id": "22", "object_repr": "Carioca", "action_flag": 1, "change_message": "[{\"added\": {}}]"}}, {"model": "admin.logentry", "pk": 165, "fields": {"action_time": "2022-11-06T19:47:29.770Z", "user": 1, "content_type": 7, "object_id": "8", "object_repr": "Feijão Preto Caldo Carioca 1kg", "action_flag": 2, "change_message": "[{\"changed\": {\"fields\": [\"Marca\"]}}]"}}, {"model": "admin.logentry", "pk": 166, "fields": {"action_time": "2022-11-06T19:47:39.270Z", "user": 1, "content_type": 10, "object_id": "23", "object_repr": "Bis", "action_flag": 1, "change_message": "[{\"added\": {}}]"}}, {"model": "admin.logentry", "pk": 167, "fields": {"action_time": "2022-11-06T19:47:41.563Z", "user": 1, "content_type": 7, "object_id": "7", "object_repr": "Chocolate Lacta Bis Xtra ao Leite 45g", "action_flag": 2, "change_message": "[{\"changed\": {\"fields\": [\"Marca\"]}}]"}}, {"model": "admin.logentry", "pk": 168, "fields": {"action_time": "2022-11-06T19:48:16.031Z", "user": 1, "content_type": 10, "object_id": "24", "object_repr": "Kellogg's", "action_flag": 1, "change_message": "[{\"added\": {}}]"}}, {"model": "admin.logentry", "pk": 169, "fields": {"action_time": "2022-11-06T19:48:24.106Z", "user": 1, "content_type": 7, "object_id": "6", "object_repr": "Cereal Matinal Kellogg's Sucrilhos Pacote 280g", "action_flag": 2, "change_message": "[{\"changed\": {\"fields\": [\"Marca\"]}}]"}}, {"model": "admin.logentry", "pk": 170, "fields": {"action_time": "2022-11-06T19:48:33.488Z", "user": 5, "content_type": 7, "object_id": "14", "object_repr": "Sanduíche Congelado Seara Hot Hit Cheddar e Bacon 145g", "action_flag": 2, "change_message": "[{\"changed\": {\"fields\": [\"Protudo img\"]}}]"}}, {"model": "admin.logentry", "pk": 171, "fields": {"action_time": "2022-11-06T19:48:56.051Z", "user": 1, "content_type": 10, "object_id": "25", "object_repr": "Broto Legal", "action_flag": 1, "change_message": "[{\"added\": {}}]"}}, {"model": "admin.logentry", "pk": 172, "fields": {"action_time": "2022-11-06T19:48:57.737Z", "user": 1, "content_type": 7, "object_id": "5", "object_repr": "Feijão Preto Broto Legal 1kg", "action_flag": 2, "change_message": "[{\"changed\": {\"fields\": [\"Marca\"]}}]"}}, {"model": "admin.logentry", "pk": 173, "fields": {"action_time": "2022-11-06T19:49:09.672Z", "user": 1, "content_type": 7, "object_id": "2", "object_repr": "Arroz", "action_flag": 3, "change_message": ""}}, {"model": "admin.logentry", "pk": 174, "fields": {"action_time": "2022-11-06T19:49:33.719Z", "user": 1, "content_type": 10, "object_id": "26", "object_repr": "Choco Biscuit", "action_flag": 1, "change_message": "[{\"added\": {}}]"}}, {"model": "admin.logentry", "pk": 175, "fields": {"action_time": "2022-11-06T19:49:35.455Z", "user": 1, "content_type": 7, "object_id": "4", "object_repr": "Biscoito Recheado Bauducco Choco Biscuit Meio Amargo 80g", "action_flag": 2, "change_message": "[{\"changed\": {\"fields\": [\"Marca\"]}}]"}}, {"model": "admin.logentry", "pk": 176, "fields": {"action_time": "2022-11-06T19:49:58.690Z", "user": 1, "content_type": 10, "object_id": "27", "object_repr": "Seven Boys", "action_flag": 1, "change_message": "[{\"added\": {}}]"}}, {"model": "admin.logentry", "pk": 177, "fields": {"action_time": "2022-11-06T19:49:59.957Z", "user": 1, "content_type": 7, "object_id": "3", "object_repr": "Bisnaguinha Seven Boys Play! Original 300g", "action_flag": 2, "change_message": "[{\"changed\": {\"fields\": [\"Marca\"]}}]"}}, {"model": "admin.logentry", "pk": 178, "fields": {"action_time": "2022-11-06T19:50:12.394Z", "user": 1, "content_type": 10, "object_id": "28", "object_repr": "3 Corações", "action_flag": 1, "change_message": "[{\"added\": {}}]"}}, {"model": "admin.logentry", "pk": 179, "fields": {"action_time": "2022-11-06T19:50:14.233Z", "user": 1, "content_type": 7, "object_id": "1", "object_repr": "Café 3 Corações Tradicional 500g", "action_flag": 2, "change_message": "[{\"changed\": {\"fields\": [\"Marca\"]}}]"}}, {"model": "admin.logentry", "pk": 180, "fields": {"action_time": "2022-11-06T19:51:55.729Z", "user": 5, "content_type": 7, "object_id": "13", "object_repr": "Frango Empanado Seara Tekitos 300g", "action_flag": 2, "change_message": "[{\"changed\": {\"fields\": [\"Protudo img\"]}}]"}}, {"model": "admin.logentry", "pk": 181, "fields": {"action_time": "2022-11-06T19:54:01.545Z", "user": 5, "content_type": 7, "object_id": "12", "object_repr": "Pão Tipo Tortilha Wickbold Wrap Original 270g Com 9 Unidades", "action_flag": 2, "change_message": "[{\"changed\": {\"fields\": [\"Protudo img\"]}}]"}}, {"model": "admin.logentry", "pk": 182, "fields": {"action_time": "2022-11-06T19:56:56.088Z", "user": 5, "content_type": 7, "object_id": "11", "object_repr": "Creme de Leite Piracanjuba 200g", "action_flag": 2, "change_message": "[{\"changed\": {\"fields\": [\"Protudo img\"]}}]"}}, {"model": "admin.logentry", "pk": 183, "fields": {"action_time": "2022-11-06T19:59:40.540Z", "user": 5, "content_type": 7, "object_id": "10", "object_repr": "Creme de Leite Tirol Tetra Pak 200g", "action_flag": 2, "change_message": "[{\"changed\": {\"fields\": [\"Protudo img\"]}}]"}}, {"model": "admin.logentry", "pk": 184, "fields": {"action_time": "2022-11-06T20:00:01.085Z", "user": 5, "content_type": 7, "object_id": "11", "object_repr": "Creme de Leite Piracanjuba 200g", "action_flag": 2, "change_message": "[{\"changed\": {\"fields\": [\"Protudo img\"]}}]"}}, {"model": "admin.logentry", "pk": 185, "fields": {"action_time": "2022-11-06T20:02:20.573Z", "user": 5, "content_type": 7, "object_id": "10", "object_repr": "Creme de Leite Tirol Tetra Pak 200g", "action_flag": 2, "change_message": "[{\"changed\": {\"fields\": [\"Protudo img\"]}}]"}}, {"model": "admin.logentry", "pk": 186, "fields": {"action_time": "2022-11-06T20:03:49.335Z", "user": 5, "content_type": 7, "object_id": "11", "object_repr": "Creme de Leite Piracanjuba 200g", "action_flag": 2, "change_message": "[{\"changed\": {\"fields\": [\"Protudo img\"]}}]"}}, {"model": "admin.logentry", "pk": 187, "fields": {"action_time": "2022-11-06T20:05:02.699Z", "user": 5, "content_type": 7, "object_id": "9", "object_repr": "Creme de Avelã Ritter 250g", "action_flag": 2, "change_message": "[{\"changed\": {\"fields\": [\"Protudo img\"]}}]"}}, {"model": "admin.logentry", "pk": 188, "fields": {"action_time": "2022-11-06T20:07:06.566Z", "user": 5, "content_type": 7, "object_id": "8", "object_repr": "Feijão Preto Caldo Carioca 1kg", "action_flag": 2, "change_message": "[{\"changed\": {\"fields\": [\"Protudo img\"]}}]"}}, {"model": "admin.logentry", "pk": 189, "fields": {"action_time": "2022-11-06T20:09:06.455Z", "user": 5, "content_type": 7, "object_id": "7", "object_repr": "Chocolate Lacta Bis Xtra ao Leite 45g", "action_flag": 2, "change_message": "[{\"changed\": {\"fields\": [\"Protudo img\"]}}]"}}, {"model": "admin.logentry", "pk": 190, "fields": {"action_time": "2022-11-06T20:09:15.790Z", "user": 1, "content_type": 7, "object_id": "1", "object_repr": "Café 3 Corações Tradicional 500g", "action_flag": 2, "change_message": "[{\"changed\": {\"fields\": [\"Protudo img\"]}}]"}}, {"model": "admin.logentry", "pk": 191, "fields": {"action_time": "2022-11-06T20:10:43.407Z", "user": 1, "content_type": 7, "object_id": "3", "object_repr": "Bisnaguinha Seven Boys Play! Original 300g", "action_flag": 2, "change_message": "[{\"changed\": {\"fields\": [\"Protudo img\"]}}]"}}, {"model": "admin.logentry", "pk": 192, "fields": {"action_time": "2022-11-06T20:11:19.365Z", "user": 5, "content_type": 7, "object_id": "6", "object_repr": "Cereal Matinal Kellogg's Sucrilhos Pacote 280g", "action_flag": 2, "change_message": "[{\"changed\": {\"fields\": [\"Protudo img\"]}}]"}}, {"model": "admin.logentry", "pk": 193, "fields": {"action_time": "2022-11-06T20:12:10.526Z", "user": 1, "content_type": 7, "object_id": "4", "object_repr": "Biscoito Recheado Bauducco Choco Biscuit Meio Amargo 80g", "action_flag": 2, "change_message": "[{\"changed\": {\"fields\": [\"Protudo img\"]}}]"}}, {"model": "admin.logentry", "pk": 194, "fields": {"action_time": "2022-11-06T20:18:38.337Z", "user": 5, "content_type": 7, "object_id": "9", "object_repr": "Creme de Avelã Ritter 250g", "action_flag": 2, "change_message": "[{\"changed\": {\"fields\": [\"Quantidade\"]}}]"}}, {"model": "admin.logentry", "pk": 195, "fields": {"action_time": "2022-11-06T20:18:56.549Z", "user": 5, "content_type": 7, "object_id": "9", "object_repr": "Creme de Avelã Ritter 250g", "action_flag": 2, "change_message": "[{\"changed\": {\"fields\": [\"Quantidade\"]}}]"}}, {"model": "admin.logentry", "pk": 196, "fields": {"action_time": "2022-11-13T20:27:29.619Z", "user": 5, "content_type": 9, "object_id": "6", "object_repr": "Padaria", "action_flag": 2, "change_message": "[{\"changed\": {\"fields\": [\"Categoria img\"]}}]"}}, {"model": "admin.logentry", "pk": 197, "fields": {"action_time": "2022-11-14T00:10:31.073Z", "user": 1, "content_type": 8, "object_id": "16", "object_repr": "matheus", "action_flag": 1, "change_message": "[{\"added\": {}}]"}}, {"model": "admin.logentry", "pk": 198, "fields": {"action_time": "2022-11-14T00:10:39.891Z", "user": 1, "content_type": 8, "object_id": "16", "object_repr": "matheus", "action_flag": 3, "change_message": ""}}, {"model": "admin.logentry", "pk": 199, "fields": {"action_time": "2022-11-14T00:11:01.484Z", "user": 5, "content_type": 8, "object_id": "17", "object_repr": "vitor.kuhnen", "action_flag": 1, "change_message": "[{\"added\": {}}]"}}, {"model": "admin.logentry", "pk": 200, "fields": {"action_time": "2022-11-14T01:41:29.170Z", "user": 5, "content_type": 8, "object_id": "17", "object_repr": "vitor.kuhnen", "action_flag": 3, "change_message": ""}}, {"model": "admin.logentry", "pk": 201, "fields": {"action_time": "2022-11-14T02:04:48.600Z", "user": 5, "content_type": 8, "object_id": "20", "object_repr": "matheus", "action_flag": 1, "change_message": "[{\"added\": {}}]"}}, {"model": "admin.logentry", "pk": 202, "fields": {"action_time": "2022-11-14T02:11:43.121Z", "user": 5, "content_type": 8, "object_id": "19", "object_repr": "vitor.kuhnen", "action_flag": 2, "change_message": "[{\"changed\": {\"fields\": [\"Quantidade produto\"]}}]"}}, {"model": "admin.logentry", "pk": 203, "fields": {"action_time": "2022-11-14T02:11:56.072Z", "user": 5, "content_type": 8, "object_id": "18", "object_repr": "vitor.kuhnen", "action_flag": 2, "change_message": "[{\"changed\": {\"fields\": [\"Quantidade produto\"]}}]"}}, {"model": "admin.logentry", "pk": 204, "fields": {"action_time": "2022-11-14T02:12:44.376Z", "user": 5, "content_type": 8, "object_id": "18", "object_repr": "vitor.kuhnen", "action_flag": 2, "change_message": "[{\"changed\": {\"fields\": [\"Quantidade produto\"]}}]"}}, {"model": "auth.group", "pk": 1, "fields": {"name": "Administradores", "permissions": [5, 6, 7, 8, 13, 14, 15, 16, 9, 10, 11, 12, 1, 2, 3, 4, 17, 18, 19, 20, 21, 22, 23, 24]}}, {"model": "sessions.session", "pk": "6pdd1oatn6bgn6odww5f6120bhnjhvvt", "fields": {"session_data": "e30:1oqORn:MT06FNaCKc0NRWWASbNsGdSAkmW2Uw7HwWBhQCe5svQ", "expire_date": "2022-11-17T00:51:07.883Z"}}, {"model": "sessions.session", "pk": "70cyumiks08krtp885ooh9caxfcuc6a5", "fields": {"session_data": ".eJxVjDEOAiEQRe9CbQgIDGJp7xnIADOyaiBZdivj3XWTLbT9773_EhHXpcZ10BynIs7Ci8PvljA_qG2g3LHdusy9LfOU5KbInQ557YWel939O6g46rdGCKo4q3xGMA40eVassjZkObgToTdHnQuzDZSCsU5bBgBkwwXBBvH-AN5jN-g:1oqOTs:08G4qCK9PlwOjaTCDBKtHdGTigMwXM0TqZiDxcNham4", "expire_date": "2022-11-17T00:53:16.488Z"}}, {"model": "sessions.session", "pk": "7tybrnyg8ast1ksqxgxuchkkmqkhpxjr", "fields": {"session_data": ".eJxVjMEOwiAQRP-FsyFClV08evcbyLIsUjWQlPZk_HfbpAc9zrw381aBlrmEpcsUxqQuyqjDbxeJn1I3kB5U701zq_M0Rr0peqdd31qS13V3_w4K9bKuURIngEHgZLLzkQx45sxpsHQ0FOMZBu94TSBElhHReuMAHbPP6NXnCwGzOE4:1orkUm:Cfxi4icEupseUP0uizWtnPI64uV36M9X7QF1vfh11pY", "expire_date": "2022-11-20T18:35:48.925Z"}}, {"model": "sessions.session", "pk": "9fbh9vhibdzciatzld5lbf7ktenw8mid", "fields": {"session_data": ".eJxVjMEOwiAQRP-FsyFClV08evcbyLIsUjWQlPZk_HfbpAc9zrw381aBlrmEpcsUxqQuyqjDbxeJn1I3kB5U701zq_M0Rr0peqdd31qS13V3_w4K9bKuURIngEHgZLLzkQx45sxpsHQ0FOMZBu94TSBElhHReuMAHbPP6NXnCwGzOE4:1oqPTM:HO22UqZJUz8AvBfJpDEB1kSo163ok42GUdmSkLbPERk", "expire_date": "2022-11-17T01:56:48.152Z"}}, {"model": "sessions.session", "pk": "9ud9ykpj072w87uxo7cktjghu712hyfd", "fields": {"session_data": ".eJxVjMEOwiAQRP-FsyHQQtl69O43kGVZpGogKe3J-O9K0oNmbvPezEt43Lfs98arX6I4CytOv11AenDpIN6x3KqkWrZ1CbIr8qBNXmvk5-Vw_w4yttzXYFJkICADzJhMcvOcrHagTCRl8ZvR6YQw0aQtjGTdkEIYAB06rcT7AwICOB0:1ouNsg:NxwZoAKwC_loypb7fgfZBFK0RRkQX6-5kaISRXyE-9Q", "expire_date": "2022-11-28T01:03:22.943Z"}}, {"model": "sessions.session", "pk": "egy2j369fw80g9q7cf18vub5va3j5eum", "fields": {"session_data": ".eJxVjMEOwiAQRP-FsyHQQtl69O43kGVZpGogKe3J-O9K0oNmbvPezEt43Lfs98arX6I4CytOv11AenDpIN6x3KqkWrZ1CbIr8qBNXmvk5-Vw_w4yttzXYFJkICADzJhMcvOcrHagTCRl8ZvR6YQw0aQtjGTdkEIYAB06rcT7AwICOB0:1orlGn:iGmPWRwxRtp6DjHT0r5DrNZRaYEXqm6eHuX_DBVoGig", "expire_date": "2022-11-20T19:25:25.907Z"}}, {"model": "sessions.session", "pk": "m1rqykle8z1q1loc58iftzrxszxwe3w2", "fields": {"session_data": ".eJxVjMEOwiAQRP-FsyFClV08evcbyLIsUjWQlPZk_HfbpAc9zrw381aBlrmEpcsUxqQuyqjDbxeJn1I3kB5U701zq_M0Rr0peqdd31qS13V3_w4K9bKuURIngEHgZLLzkQx45sxpsHQ0FOMZBu94TSBElhHReuMAHbPP6NXnCwGzOE4:1oqSHA:UkfPhfOU5BVVsxOB2JVpl2qLurbRNjGULPNQ_VGSquY", "expire_date": "2022-11-17T04:56:24.920Z"}}, {"model": "sessions.session", "pk": "ss1ntwsj8ikmju6mjc8nlrw8iph2820u", "fields": {"session_data": ".eJxVjMEOwiAQRP-FsyFClV08evcbyLIsUjWQlPZk_HfbpAc9zrw381aBlrmEpcsUxqQuyqjDbxeJn1I3kB5U701zq_M0Rr0peqdd31qS13V3_w4K9bKuURIngEHgZLLzkQx45sxpsHQ0FOMZBu94TSBElhHReuMAHbPP6NXnCwGzOE4:1ouI87:nT4bzh1JZF7tWpPwjCGtPOyEWeBLIk1950PLSH9ujKc", "expire_date": "2022-11-27T18:54:55.411Z"}}, {"model": "sessions.session", "pk": "t1e71vagw0x74xereuu6oplr3e5ojej7", "fields": {"session_data": ".eJxVjDEOAiEQRe9CbQgIDGJp7xnIADOyaiBZdivj3XWTLbT9773_EhHXpcZ10BynIs7Ci8PvljA_qG2g3LHdusy9LfOU5KbInQ557YWel939O6g46rdGCKo4q3xGMA40eVassjZkObgToTdHnQuzDZSCsU5bBgBkwwXBBvH-AN5jN-g:1orU1h:ThjvCnmfCL6xFj5sj88fhN1b3oU1vsyd8PIY1Q1hAN8", "expire_date": "2022-11-20T01:00:41.538Z"}}, {"model": "sessions.session", "pk": "uc9i3hqfklgi8evnpnlcnvpxfovr5zip", "fields": {"session_data": ".eJxVjMEOwiAQRP-FsyHQQtl69O43kGVZpGogKe3J-O9K0oNmbvPezEt43Lfs98arX6I4CytOv11AenDpIN6x3KqkWrZ1CbIr8qBNXmvk5-Vw_w4yttzXYFJkICADzJhMcvOcrHagTCRl8ZvR6YQw0aQtjGTdkEIYAB06rcT7AwICOB0:1oqPYb:dbPSZ7mP1wT8dQ02NOdDEfIV8dbuD8qWSwrtEfbFNcA", "expire_date": "2022-11-17T02:02:13.731Z"}}, {"model": "sessions.session", "pk": "x8nxyq9jl5187aei2nwsg1627kqhq6wg", "fields": {"session_data": ".eJxVjMEOwiAQRP-FsyFClV08evcbyLIsUjWQlPZk_HfbpAc9zrw381aBlrmEpcsUxqQuyqjDbxeJn1I3kB5U701zq_M0Rr0peqdd31qS13V3_w4K9bKuURIngEHgZLLzkQx45sxpsHQ0FOMZBu94TSBElhHReuMAHbPP6NXnCwGzOE4:1ouMr6:lcFgUG6ct22C2otd8EXbvmy5gWc4qeuKz7-JNMlVYco", "expire_date": "2022-11-27T23:57:40.116Z"}}]